rank,location,surface,trigger,current_copy,user_risk,proposed_replacement,implementation_status,verification_result
1,backend/app/features/auth/router.py:380,API 500 (email change),Any unexpected failure while sending the verification code,"Failed to send verification code: {e!s}","High: interpolates raw exception text (may include SMTP host/credentials/stack detail) into the API response","The verification code could not be sent. Please try again later.",implemented,"verified: backend gate green (525 tests); grep sweep finds no e!s in any HTTP detail. Browser: blocked — state needs a real email-delivery failure"
2,backend/app/features/players/service.py:813;879;907,API 404 detail,Track/untrack/tracking-status for unknown player,"Player not found: {puuid}","High: raw 78-char PUUID in user-facing detail","Player not found.",implemented,"verified: initially recorded as done while the three sites were still unedited — caught by the Codex review, fixed in the follow-up commit, backend gate re-run green; 'not found' routing preserved; e2e asserts no PUUID renders"
3,backend/app/features/players/service.py:758,API 404 detail,Discover player whose summoner lookup fails,"Summoner not found for PUUID: {account.puuid}","High: internal jargon plus raw PUUID","Player details were not found on this server.",implemented,"verified: backend gate green; e2e error-copy.spec.ts exercises this detail through a real Chromium and asserts no PUUID renders"
4,backend/app/features/players/service.py:825,API 404 detail,Tracking with a missing application user record,"Application user not found","Medium: internal concept confuses end user","Your account was not found. Please sign in again.",implemented,"verified: backend gate green; keeps 'not found' so the router still returns 404"
5,backend/app/features/players/router.py:273 + backend/app/features/matchmaking_analysis/router.py:87,API 503,Riot API key rejected during player fetch / analysis,"RIOT_API_KEY_INVALID (bare code as the whole message)","High for API consumers","Structured detail {code: RIOT_API_KEY_INVALID, message: 'Riot data is temporarily unavailable. Please contact an administrator.'} shared via RIOT_API_KEY_INVALID_DETAIL",implemented,"verified: backend gate green incl. updated test_matchmaking_analysis_lifecycle; frontend gate green incl. api-error.test.ts structured-detail test; api.ts isApiKeyError already reads detail.code"
6,backend/app/features/players/router.py:885;999,API 503,Riot API key invalid while adding tracked player / refreshing league,"Riot API Key is invalid or expired. Please update it in Settings.","Medium: coupled to frontend legacy string matcher; points non-admins at admin Settings","Same structured detail as rank 5; legacy matcher deleted from frontend/lib/core/api-error.ts",implemented,"verified: backend+frontend gates green; add-tracked-player.test.tsx updated to the structured shape; repo-wide grep finds no remaining copy of the legacy string outside the admin header banner (frontend's own copy for admins)"
7,backend/app/features/jobs/maintenance.py:44 via jobs/router.py:137,API 400 (admin jobs UI),Admin edits riot_maintenance_mode through jobs API,"riot_maintenance_mode is managed only by the local cleanup command","Medium: internal config key and ops-tool detail","This setting is managed by the maintenance process and cannot be changed here.",implemented,"verified: backend gate green. Browser: blocked — state needs a live backend with an admin editing that config"
8,backend/app/features/auth/dependencies.py:24,API 403,Inactive account calls any authenticated endpoint,"Inactive user account","Medium: terse fragment; no recovery step","Structured detail ACCOUNT_INACTIVE + 'This account is inactive. Contact an administrator to restore access.'",implemented,"verified: backend gate green incl. updated test_auth_authorization. Browser: 403s are deliberately not toasted (auth gate redirects) — API-surface change"
9,backend/app/features/auth/dependencies.py:36,API 403,Non-admin calls admin endpoint,"Admin privileges required","Medium: terse fragment","Structured detail ADMIN_REQUIRED + 'You need administrator access for this action.'",implemented,"verified: backend gate green incl. updated test_auth_authorization"
10,backend/app/features/auth/service.py:1123,API 401,Invalid/expired token,"Could not validate credentials","Low: jargon; frontend overrides 401 copy anyway","Your session is invalid or expired. Please sign in again.",implemented,"verified: backend gate green"
11,backend/app/features/auth/service.py:890,API 400 (register),Registering an existing email,"Email already registered","Low-medium: terse; inconsistent with change-email flow","Structured detail EMAIL_ALREADY_REGISTERED + 'This email is already registered.'",implemented,"verified: backend gate green"
12,backend/app/core/dependencies.py:28,API 503,Riot-backed endpoint with no API key configured,"Riot API key not configured. Please add it via Settings page or .env file.","Medium: leaks .env implementation detail","Riot data is unavailable because no Riot API key is configured. An administrator can add one on the Settings page.",implemented,"verified: backend gate green. Browser: blocked — needs a live backend with no credential"
13,backend/app/features/matches/router.py:394,API 503,Match refresh with no Riot credential,"Riot API credential is not configured","Low-medium: terse; no recovery step","Same copy as rank 12",implemented,"verified: backend gate green. Browser: blocked — same reason as rank 12"
14,backend/app/features/players/router.py:70-96,API 400 (search validation),Empty/too long/invalid game name or tag line,"Game name too long / Invalid characters in game name / … (6 strings)","Low: 'Invalid characters' gave no guidance","Kept 'cannot be empty'; 'Game name is too long (16 characters max).' / 'Tag line is too long (5 characters max).' / 'Game name contains unsupported characters. Use letters, numbers, spaces, and ._-.' / 'Tag line contains unsupported characters. Use only letters and numbers.'",implemented,"verified: backend gate green. Browser: frontend riot-id.ts validates first with equivalent copy, so backend strings are API-surface"
15,backend/app/features/jobs/router.py:65;89,API 501 (admin jobs UI),Triggering a job whose runner is missing,"Job type {job.job_type} implementation not found. / Test runner for job type {job.job_type} not implemented.","Low: developer phrasing on an admin surface","This job type is not supported. / Test runs are not supported for this job type.",implemented,"verified: backend gate green. Browser: blocked — state needs a job config whose runner class is missing"
16,backend/app/features/jobs/router.py (16 endpoints),API 500 (admin jobs UI),Unexpected failure in each jobs endpoint,"Internal server error retrieving job configurations (and 15 siblings)","Low in browser (5xx string details are suppressed by the frontend sanitizer); jargon for API consumers","'<Thing> could not be <done>. Please try again later.' per endpoint",implemented,"verified: backend gate green. Browser: not applicable — frontend never displays 5xx string details by design"
17,backend/app/features/settings/router.py:59;86;136;169,API 500 (admin settings UI),Unexpected failure in settings endpoints,"Internal server error retrieving/updating/testing … Riot API key / service status","Low (suppressed in browser)","'The service status/Riot API key could not be loaded/updated/tested. Please try again later.'",implemented,"verified: backend gate green. Browser: not applicable — as rank 16"
18,backend/app/features/settings/router.py:198-361,API 500,Unexpected failure in card-preference/user-settings/cookie-consent endpoints,"Failed to get/update/reset … (8 strings)","Low: terse fragments","'Card preferences/Your settings/Your cookie preferences could not be loaded/saved/reset. Please try again later.'",implemented,"verified: backend gate green. Browser: not applicable — as rank 16"
19,backend/app/features/players/router.py (10 endpoints),API 500,Unexpected failure in players endpoints,"Internal server error during player search (and 9 siblings)","Low (suppressed in browser)","'Player search could not be completed…' etc. per endpoint",implemented,"verified: backend gate green. Browser: not applicable — as rank 16"
20,frontend/app/not-found.tsx,Browser 404 page,Navigating to a non-existent route,"404 - Page Not Found / The page you are looking for does not exist.","Low: no recovery action","'This page does not exist' / 'Check the address, or head back to the home page.' + 'Go to home page' link",implemented,"verified: e2e error-copy.spec.ts passes in real Chromium; frontend gate (lint, typecheck, vitest, build) green"
21,backend/app/features/settings/router.py:75,API 404 (admin settings UI),No DB-stored Riot key; env var in use,"Riot API key setting not found. Using environment variable.","Low: env-var implementation detail (admin-only)","No Riot API key has been saved here yet. The key from the server configuration is in use.",implemented,"verified: backend gate green. Browser: blocked — needs live backend in env-key state"
22,backend/app/features/settings/router.py:130 via service.py,API 400 (admin settings UI),Riot key update fails validation,"Curated pass-through messages (API key is too short / invalid / expired / validation temporarily unavailable)","None: curated and safe",No change needed,no-change,"reviewed: all pass-through sources read and confirmed curated"
23,backend/app/features/matches/router.py:67-91,API 422,Invalid queue filter parameters,"Invalid queue selection. / Queue IDs must be positive integers. / etc.","None: accurate parameter guidance",No change needed,no-change,reviewed
24,backend/app/features/auth/router.py structured details,API 4xx auth flows,Sign-in/join-us/email-change/password errors,"ACCOUNT_LOCKED / CAPTCHA_* / CONTACT_* / EMAIL_* structured messages","None: already structured and plain","No change needed (except rank 1 and the join-us delivery message, now 'Your message could not be sent. Please try again later.')",no-change+polish,"reviewed; polish verified by backend gate"
25,smurf_boost_detection + matchmaking_analysis services/routers,API 4xx/5xx + analysis status,Analysis conflicts/failures,"An analysis is already running… / The analysis could not be started… / rate-limit copy","None: already plain with recovery steps",No change needed,no-change,reviewed
26,frontend/lib/core/api-error.ts,Browser toasts,Any API failure,"Kind-specific fallbacks + sanitizer","None: well-written","No change needed (legacy Riot matcher removed under rank 6)",no-change+cleanup,"verified: frontend gate green incl. api-error tests"
27,frontend/features/auth/utils/login-error.ts + sign-in-form.tsx,Browser sign-in,Sign-in failures,"Too many sign-in attempts… / Something went wrong while signing in…","None",No change needed,no-change,reviewed
28,frontend/features/matches/utils/match-history-error.ts,Browser match history,Load failures,"Match history could not be loaded… / Unable to reach the League Analysis service…","None",No change needed,no-change,reviewed
29,frontend/features/players/utils/riot-id.ts + tracking-feedback.ts,Browser player forms,Invalid Riot ID / tracking failures,"Player Name is required. / Player X#Y wasn't found on server Z.","None: exemplary",No change needed,no-change,reviewed
30,frontend/features/jobs/components/job-card.tsx + feature toasts,Browser admin toasts,Job/player action failures,"Titled toasts with 'Please try again later.'","None: titles name the failed action",No change needed,no-change,reviewed
31,frontend/app/error.tsx,Browser error boundary,Unhandled render error,"This page could not be loaded / Try again…","None: plain with retry button",No change needed,no-change,reviewed
5b,backend/app/features/players/router.py:283;894;1004,API 503 (was 500),Riot returns 403 (expired development key) during discover/add-tracked/refresh,"(previously fell through to the generic 500 handler — no credential signal)","High: expired dev keys return 403, so the credential-invalid state was reported as a generic server error","Catch ForbiddenError alongside AuthenticationError so all credential rejections send RIOT_API_KEY_INVALID_DETAIL (matches the matchmaking router)",implemented,"found by Codex review; verified: backend gate re-run green; e2e exercises the structured 503 through the mounted PlayerSelector"
5c,frontend/features/players/components/player-selector.tsx:154,Browser toast (mounted sidebar search),Any player-discover failure,"Check the Riot ID and server, then try again. (for every failure kind)","Medium: blames the user's input when the real cause is an invalid credential or rate limit","Classify via toPlayerTrackingError: api-key → admin-contact copy; rate-limited → wait copy; not-found → player-specific sentence; else keep current copy",implemented,"found by Codex review; verified: frontend gate re-run green; e2e error-copy.spec.ts test 3 passes in real Chromium"
32,backend/app/features/jobs/base.py:474 → frontend/features/jobs/components/job-executions.tsx:526,Admin jobs execution history,Job run fails,"{ExceptionType}: {exception text}","Accepted: admin-only diagnostic surface; the exception text is the operator's recovery information",Excluded by scope decision (kept deliberately; the Codex review flagged it as a potential SQL/hostname exposure — accepted risk on an admin-only diagnostic surface),excluded,not-applicable
33,FastAPI default 422 validation body,API 422,Malformed request bodies,"Pydantic field-error list","None: frontend genericizes list details",No change needed,no-change,reviewed
34,backend/app/features/matches/service.py:1032,Background job internals,Invalid match payload during ingestion,"Invalid match data","None: never an HTTP detail",Out of user-visible scope,no-change,not-applicable
35,backend/app/features/jobs/scheduler.py:124,Background scheduler,Job config without valid interval,"No valid interval configuration found…","None: log-only",Out of user-visible scope,no-change,not-applicable
